{
  "project_info": {
    "project_number": "1007538213883",
    "firebase_url": "https://authenticationdemo-e24be.firebaseio.com",
    "project_id": "authenticationdemo-e24be",
    "storage_bucket": "authenticationdemo-e24be.appspot.com"
  },
  "client": [
    {
      "client_info": {
        "mobilesdk_app_id": "1:1007538213883:android:488e8523c2800b0639315e",
        "android_client_info": {
          "package_name": "com.example.googleauthentication"
        }
      },
      "oauth_client": [
        {
          "client_id": "1007538213883-lllanl7dj5d2lo2vb5c3mu4lca1dmpd1.apps.googleusercontent.com",
          "client_type": 1,
          "android_info": {
            "package_name": "com.example.googleauthentication",
            "certificate_hash": "d7f5fbbaedc9b68192af7a0a687dd764734ed28d"
          }
        },
        {
          "client_id": "1007538213883-ovqie2u6inp7p4af577817v4rt4fpsn1.apps.googleusercontent.com",
          "client_type": 3
        }
      ],
      "api_key": [
        {
          "current_key": "AIzaSyAHWQNI7gm6btf4cqKSrENZTh49cSSJDbc"
        }
      ],
      "services": {
        "appinvite_service": {
          "other_platform_oauth_client": [
            {
              "client_id": "1007538213883-ovqie2u6inp7p4af577817v4rt4fpsn1.apps.googleusercontent.com",
              "client_type": 3
            }
          ]
        }
      }
    }
  ],
  "configuration_version": "1"
}